latex	unicode
 	U+20
!	U+21
!`	U+A1
"	U+22
'	U+27
(	U+28
)	U+29
*	U+2A
+	U+2B
,	U+2C
-	U+2D
.	U+2E
/	U+2F
0	U+30
1	U+31
2	U+32
3	U+33
4	U+34
5	U+35
6	U+36
7	U+37
8	U+38
9	U+39
:	U+3A
;	U+3B
<	U+3C
=	U+3D
>	U+3E
?	U+3F
?`	U+BF
@	U+40
A	U+41
B	U+42
C	U+43
D	U+44
E	U+45
F	U+46
G	U+47
H	U+48
I	U+49
J	U+4A
K	U+4B
L	U+4C
M	U+4D
N	U+4E
O	U+4F
P	U+50
Q	U+51
R	U+52
S	U+53
T	U+54
U	U+55
V	U+56
W	U+57
X	U+58
Y	U+59
Z	U+5A
[	U+5B
\#	U+23
\$	U+24
\%	U+25
\&	U+26
\:	U+205F
\AC	U+223F
\AE	U+C6
\APLboxquestion	U+2370
\APLboxupcaret	U+2353
\APLcomment	U+235D
\APLdownarrowbox	U+2357
\APLinput	U+235E
\APLinv	U+2339
\APLleftarrowbox	U+2347
\APLlog	U+235F
\APLrightarrowbox	U+2348
\APLuparrowbox	U+2350
\Alpha	U+41
\Angstroem	U+212B
\Barv	U+2AE7
\Beta	U+42
\Bot	U+2AEB
\Bumpeq	U+224E
\CIRCLE	U+25CF
\Cap	U+22D2
\CapitalDifferentialD	U+2145
\CheckedBox	U+2611
\Chi	U+58
\Circle	U+25CB
\Coloneqq	U+2A74
\ComplexI	U+2148
\ComplexJ	U+2149
\Cup	U+22D3
\DDownarrow	U+27F1
\DashV	U+2AE5
\DashVDash	U+27DA
\Dashv	U+2AE4
\Ddownarrow	U+290B
\Delta	U+394
\Diamond	U+25C7
\Diamondblack	U+25C6
\Diamonddot	U+27D0
\DifferentialD	U+2146
\Digamma	U+3DC
\Doteq	U+2251
\DownArrowBar	U+2913
\DownLeftTeeVector	U+295E
\DownLeftVectorBar	U+2956
\DownRightTeeVector	U+295F
\DownRightVectorBar	U+2957
\Downarrow	U+21D3
\EUR	U+20AC
\Epsilon	U+45
\Equal	U+2A75
\Equiv	U+2263
\Eta	U+48
\Euler	U+2107
\Exclam	U+203C
\ExponetialE	U+2147
\Finv	U+2132
\Game	U+2141
\Gamma	U+393
\Hermaphrodite	U+26A5
\Im	U+2111
\Iota	U+49
\Join	U+2A1D
\Kappa	U+4B
\Koppa	U+3DE
\L	U+141
\LEFTCIRCLE	U+25D6
\LEFTcircle	U+25D0
\LHD	U+25C0
\LLeftarrow	U+2B45
\LVec	U+20D6
\Lambda	U+39B
\Lbag	U+27C5
\Lbrbrak	U+27EC
\LeftArrowBar	U+21E4
\LeftDownTeeVector	U+2961
\LeftDownVectorBar	U+2959
\LeftTeeVector	U+295A
\LeftTriangleBar	U+29CF
\LeftUpTeeVector	U+2960
\LeftUpVectorBar	U+2958
\LeftVectorBar	U+2952
\Leftarrow	U+21D0
\Leftrightarrow	U+21D4
\Lleftarrow	U+21DA
\Longleftarrow	U+27F8
\Longleftrightarrow	U+27FA
\Longmapsfrom	U+27FD
\Longmapsto	U+27FE
\Longrightarrow	U+27F9
\Lparen	U+2985
\Lparengtr	U+2995
\Lsh	U+21B0
\Lvzigzag	U+29DA
\MapsDown	U+21A7
\MapsUp	U+21A5
\Mapsfrom	U+2906
\Mapsto	U+2907
\Micro	U+B5
\Mu	U+4D
\Nearrow	U+21D7
\NestedGreaterGreater	U+2AA2
\NestedLessLess	U+2AA1
\Not	U+2AEC
\NotGreaterLess	U+2279
\NotGreaterTilde	U+2275
\NotLessTilde	U+2274
\Nu	U+4E
\Nwarrow	U+21D6
\Omega	U+3A9
\Omicron	U+4F
\Otimes	U+2A37
\Phi	U+3A6
\Pi	U+3A0
\Planckconst	U+210E
\PropertyLine	U+214A
\Proportion	U+2237
\Psi	U+3A8
\QED	U+220E
\Qoppa	U+3D8
\Question	U+2047
\RHD	U+25B6
\RIGHTCIRCLE	U+25D7
\RIGHTcircle	U+25D1
\RRightarrow	U+2B46
\Rbag	U+27C6
\Rbrbrak	U+27ED
\Re	U+211C
\Rho	U+50
\RightArrowBar	U+21E5
\RightDownTeeVector	U+295D
\RightDownVectorBar	U+2955
\RightTeeVector	U+295B
\RightTriangleBar	U+29D0
\RightUpTeeVector	U+295C
\RightUpVectorBar	U+2954
\RightVectorBar	U+2953
\Rightarrow	U+21D2
\Rparen	U+2986
\Rparenless	U+2996
\Rrightarrow	U+21DB
\Rsh	U+21B1
\Rvzigzag	U+29DB
\S	U+A7
\Same	U+2A76
\Sampi	U+3E0
\Searrow	U+21D8
\Sigma	U+3A3
\Sqcap	U+2A4E
\Sqcup	U+2A4F
\Square	U+2610
\Stigma	U+3DA
\Subset	U+22D0
\Sun	U+2609
\Supset	U+22D1
\Swarrow	U+21D9
\Tau	U+54
\Theta	U+398
\Top	U+2AEA
\UUparrow	U+27F0
\UpArrowBar	U+2912
\Uparrow	U+21D1
\Updownarrow	U+21D5
\Upsilon	U+3A5
\Uuparrow	U+290A
\VDash	U+22AB
\VERT	U+2980
\Vdash	U+22A9
\Vee	U+2A54
\Vvdash	U+22AA
\Wedge	U+2A53
\XBox	U+2612
\Xi	U+39E
\Yup	U+2144
\Zbar	U+1B5
\Zeta	U+5A
\_	U+5F
\aa	U+C5
\accurrent	U+23E6
\acidfree	U+267E
\acute	U+301
\acwcirclearrow	U+2940
\acwgapcirclearrow	U+27F2
\acwleftarcarrow	U+2939
\acwoverarcarrow	U+293A
\acwunderarcarrow	U+293B
\ae	U+E6
\aleph	U+2135
\alpha	U+3B1
\amalg	U+2A3F
\anchor	U+2693
\angdnr	U+299F
\angle	U+2220
\angles	U+299E
\angleubar	U+29A4
\annuity	U+20E7
\approx	U+2248
\approxeq	U+224A
\approxeqq	U+2A70
\approxident	U+224B
\aquarius	U+2652
\arceq	U+2258
\aries	U+2648
\arrowbullet	U+27A2
\assert	U+22A6
\ast	U+2217
\asteq	U+2A6E
\asteraccent	U+20F0
\asymp	U+224D
\awint	U+2A11
\bNot	U+2AED
\backcong	U+224C
\backdprime	U+2036
\backepsilon	U+3F6
\backprime	U+2035
\backsim	U+223D
\backsimeq	U+22CD
\backslash	U+5C
\backtrprime	U+2037
\bagmember	U+22FF
\ballotx	U+2717
\bar	U+304
\barcap	U+2A43
\barcup	U+2A42
\barin	U+22F6
\barleftarrowrightarrowba	U+21B9
\barleftharpoon	U+296B
\barovernorthwestarrow	U+21B8
\barrightarrowdiamond	U+2920
\barrightharpoon	U+296D
\barvee	U+22BD
\barwedge	U+22BC
\bbrktbrk	U+23B6
\bdtriplevdash	U+2506
\because	U+2235
\benzenr	U+23E3
\beta	U+3B2
\beth	U+2136
\between	U+226C
\bigblacktriangledown	U+25BC
\bigblacktriangleup	U+25B2
\bigbot	U+27D8
\bigcap	U+22C2
\bigcup	U+22C3
\bigcupdot	U+2A03
\biginterleave	U+2AFC
\bigodot	U+2A00
\bigoplus	U+2A01
\bigotimes	U+2A02
\bigslopedvee	U+2A57
\bigslopedwedge	U+2A58
\bigsqcap	U+2A05
\bigsqcup	U+2A06
\bigstar	U+2605
\bigtalloblong	U+2AFF
\bigtop	U+27D9
\bigtriangledown	U+25BD
\bigtriangleleft	U+2A1E
\bigtriangleup	U+25B3
\biguplus	U+2A04
\bigvee	U+22C1
\bigwedge	U+22C0
\bigwhitestar	U+2606
\bij	U+2916
\biohazard	U+2623
\blackcircledownarrow	U+29ED
\blackcircledrightdot	U+2688
\blackcircledtwodots	U+2689
\blackcircleulquadwhite	U+25D5
\blackdiamonddownarrow	U+29EA
\blackhourglass	U+29D7
\blackinwhitediamond	U+25C8
\blackinwhitesquare	U+25A3
\blacklozenge	U+29EB
\blackpointerleft	U+25C4
\blackpointerright	U+25BA
\blacksmiley	U+263B
\blacksquare	U+25FC
\blacktriangledown	U+25BE
\blacktriangleleft	U+25C2
\blacktriangleright	U+25B8
\blacktriangleup	U+25B4
\blkhorzoval	U+2B2C
\blkvertoval	U+2B2E
\blockfull	U+2588
\blockhalfshaded	U+2592
\blocklefthalf	U+258C
\blocklowhalf	U+2584
\blockqtrshaded	U+2591
\blockrighthalf	U+2590
\blockthreeqtrshaded	U+2593
\blockuphalf	U+2580
\bot	U+22A5
\botsemicircle	U+25E1
\bowtie	U+22C8
\boxast	U+29C6
\boxbar	U+25EB
\boxbox	U+29C8
\boxbslash	U+29C5
\boxcircle	U+29C7
\boxdot	U+22A1
\boxminus	U+229F
\boxonbox	U+29C9
\boxplus	U+229E
\boxslash	U+29C4
\boxtimes	U+22A0
\breve	U+306
\bsimilarleftarrow	U+2B41
\bsimilarrightarrow	U+2B47
\bsolhsub	U+27C8
\btimes	U+2A32
\bullet	U+2022
\bullseye	U+25CE
\bumpeq	U+224F
\bumpeqq	U+2AAE
\cancer	U+264B
\candra	U+310
\cap	U+2229
\capbarcup	U+2A49
\capdot	U+2A40
\capovercup	U+2A47
\capricornus	U+2651
\capwedge	U+2A44
\caretinsert	U+2038
\carriagereturn	U+21B5
\cat	U+2040
\ccwundercurvearrow	U+293F
\cdot	U+22C5
\cdotp	U+B7
\cdots	U+22EF
\celsius	U+2103
\cent	U+A2
\check	U+30C
\checkmark	U+2713
\chi	U+3C7
\cirE	U+29C3
\cirbot	U+27DF
\circ	U+2218
\circeq	U+2257
\circlearrowleft	U+21BA
\circlearrowright	U+21BB
\circlebottomhalfblack	U+25D2
\circledR	U+AE
\circledast	U+229B
\circledbslash	U+29B8
\circledbullet	U+29BF
\circledcirc	U+229A
\circleddash	U+229D
\circledequal	U+229C
\circledgtr	U+29C1
\circledless	U+29C0
\circledownarrow	U+29EC
\circledparallel	U+29B7
\circledrightdot	U+2686
\circledstar	U+272A
\circledtwodots	U+2687
\circledvert	U+29B6
\circledwhitebullet	U+29BE
\circlehbar	U+29B5
\circlellquad	U+25F5
\circlelrquad	U+25F6
\circleonleftarrow	U+2B30
\circleonrightarrow	U+21F4
\circletophalfblack	U+25D3
\circleulquad	U+25F4
\circleurquad	U+25F7
\circleurquadblack	U+25D4
\circlevertfill	U+25CD
\cirfnint	U+2A10
\cirmid	U+2AEF
\cirscir	U+29C2
\closedvarcap	U+2A4D
\closedvarcup	U+2A4C
\closedvarcupsmashprod	U+2A50
\closure	U+2050
\clubsuit	U+2663
\coloneq	U+2254
\commaminus	U+2A29
\complement	U+2201
\concavediamond	U+27E1
\concavediamondtickleft	U+27E2
\concavediamondtickright	U+27E3
\cong	U+2245
\congdot	U+2A6D
\conictaper	U+2332
\conjquant	U+2A07
\coprod	U+2210
\copyright	U+A9
\corresponds	U+2259
\csub	U+2ACF
\csube	U+2AD1
\csup	U+2AD0
\csupe	U+2AD2
\cup	U+222A
\cupbarcap	U+2A48
\cupdot	U+228D
\cupleftarrow	U+228C
\cupovercap	U+2A46
\cupvee	U+2A45
\curlyeqprec	U+22DE
\curlyeqsucc	U+22DF
\curlyvee	U+22CE
\curlywedge	U+22CF
\curvearrowleft	U+21B6
\curvearrowleftplus	U+293D
\curvearrowright	U+21B7
\curvearrowrightminus	U+293C
\cwcirclearrow	U+2941
\cwgapcirclearrow	U+27F3
\cwrightarcarrow	U+2938
\cwundercurvearrow	U+293E
\dagger	U+2020
\daleth	U+2138
\danger	U+2621
\dashV	U+2AE3
\dashVdash	U+27DB
\dashleftarrow	U+21E0
\dashrightarrow	U+21E2
\dashv	U+22A3
\dbkarow	U+290F
\ddagger	U+2021
\ddddot	U+20DC
\dddot	U+20DB
\ddot	U+308
\ddots	U+22F1
\ddotseq	U+2A77
\delta	U+3B4
\diameter	U+2300
\diamond	U+22C4
\diamondbotblack	U+2B19
\diamondleftarrow	U+291D
\diamondleftarrowbar	U+291F
\diamondleftblack	U+2B16
\diamondrightblack	U+2B17
\diamondsuit	U+2662
\diamondtopblack	U+2B18
\dicei	U+2680
\diceii	U+2681
\diceiii	U+2682
\diceiv	U+2683
\dicev	U+2684
\dicevi	U+2685
\digamma	U+3DD
\dingasterisk	U+273D
\disin	U+22F2
\disjquant	U+2A08
\div	U+F7
\divideontimes	U+22C7
\dlsh	U+21B2
\dot	U+307
\doteq	U+2250
\dotequiv	U+2A67
\dotminus	U+2238
\dotplus	U+2214
\dots	U+22EF
\dotsim	U+2A6A
\dotsminusdots	U+223A
\dottedcircle	U+25CC
\dottedsquare	U+2B1A
\dottimes	U+2A30
\doublebarvee	U+2A62
\doublebarwedge	U+2A5E
\doubleplus	U+29FA
\downarrow	U+2193
\downarrowbarred	U+2908
\downdasharrow	U+21E3
\downdownarrows	U+21CA
\downdownharpoons	U+2965
\downfishtail	U+297F
\downharpoonleft	U+21C3
\downharpoonright	U+21C2
\downrightcurvedarrow	U+2935
\downtriangleleftblack	U+29E8
\downtrianglerightblack	U+29E9
\downuparrows	U+21F5
\downupharpoons	U+296F
\downwhitearrow	U+21E9
\draftingarrow	U+279B
\drbkarow	U+2910
\droang	U+31A
\drsh	U+21B3
\dsol	U+29F6
\dsub	U+2A64
\earth	U+2641
\egsdot	U+2A98
\eighthnote	U+266A
\elinters	U+23E7
\ell	U+2113
\elsdot	U+2A97
\emptysetoarr	U+29B3
\emptysetoarrl	U+29B4
\emptysetobar	U+29B1
\emptysetocirc	U+29B2
\enclosecircle	U+20DD
\enclosediamond	U+20DF
\enclosesquare	U+20DE
\enclosetriangle	U+20E4
\enleadertwodots	U+2025
\eparsl	U+29E3
\epsilon	U+3F5
\eqcirc	U+2256
\eqcolon	U+2239
\eqdef	U+225D
\eqdot	U+2A66
\eqgtr	U+22DD
\eqless	U+22DC
\eqqgtr	U+2A9A
\eqqless	U+2A99
\eqqplus	U+2A71
\eqqsim	U+2A73
\eqqslantgtr	U+2A9C
\eqqslantless	U+2A9B
\eqsim	U+2242
\eqslantgtr	U+2A96
\eqslantless	U+2A95
\equalleftarrow	U+2B40
\equalrightarrow	U+2971
\equiv	U+2261
\equivDD	U+2A78
\equivVert	U+2A68
\equivVvert	U+2A69
\eqvparsl	U+29E5
\errbarblackcircle	U+29F3
\errbarblackdiamond	U+29F1
\errbarblacksquare	U+29EF
\errbarcircle	U+29F2
\errbardiamond	U+29F0
\errbarsquare	U+29EE
\eta	U+3B7
\eth	U+F0
\euro	U+20AC
\exists	U+2203
\fallingdotseq	U+2252
\fbowtie	U+29D3
\fcmp	U+2A3E
\fdiagovnearrow	U+292F
\fdiagovrdiag	U+292C
\female	U+2640
\ffun	U+21FB
\finj	U+2915
\fint	U+2A0F
\fisheye	U+25C9
\flat	U+266D
\fltns	U+23E5
\forall	U+2200
\forks	U+2ADC
\forksnot	U+2ADD
\forkv	U+2AD9
\fourth	U+2057
\fourvdots	U+2999
\fracslash	U+2044
\frown	U+2322
\frownie	U+2639
\fullouterjoin	U+27D7
\gamma	U+3B3
\gemini	U+264A
\geq	U+2265
\geqq	U+2267
\geqqslant	U+2AFA
\geqslant	U+2A7E
\gescc	U+2AA9
\gesdot	U+2A80
\gesdoto	U+2A82
\gesdotol	U+2A84
\gesles	U+2A94
\gg	U+226B
\ggcurly	U+2ABC
\ggg	U+22D9
\gggnest	U+2AF8
\gimel	U+2137
\glE	U+2A92
\gla	U+2AA5
\gleichstark	U+29E6
\glj	U+2AA4
\gnapprox	U+2A8A
\gneq	U+2A88
\gneqq	U+2269
\gnsim	U+22E7
\grave	U+300
\gsime	U+2A8E
\gsiml	U+2A90
\gtcir	U+2A7A
\gtlpar	U+29A0
\gtquest	U+2A7C
\gtrapprox	U+2A86
\gtrarr	U+2978
\gtrdot	U+22D7
\gtreqless	U+22DB
\gtreqqless	U+2A8C
\gtrless	U+2277
\gtrsim	U+2273
\guillemotleft	U+AB
\guillemotright	U+BB
\harrowextender	U+23AF
\hash	U+22D5
\hat	U+302
\hatapprox	U+2A6F
\heartsuit	U+2661
\hermitmatrix	U+22B9
\hexagon	U+2394
\hexagonblack	U+2B23
\hknearrow	U+2924
\hknwarrow	U+2923
\hksearow	U+2925
\hkswarow	U+2926
\hookleftarrow	U+21A9
\hookrightarrow	U+21AA
\horizbar	U+2015
\hourglass	U+29D6
\house	U+2302
\hrectangle	U+25AD
\hrectangleblack	U+25AC
\hslash	U+210F
\hyphenbullet	U+2043
\hzigzag	U+3030
\iddots	U+22F0
\iiiint	U+2A0C
\iiint	U+222D
\iinfin	U+29DC
\iint	U+222C
\imath	U+131
\in	U+2208
\increment	U+2206
\infty	U+221E
\int	U+222B
\intBar	U+2A0E
\intbar	U+2A0D
\intbottom	U+2321
\intcap	U+2A19
\intclockwise	U+2231
\intcup	U+2A1A
\intercal	U+22BA
\interleave	U+2AF4
\intextender	U+23AE
\intlarhk	U+2A17
\intprod	U+2A3C
\intprodr	U+2A3D
\inttop	U+2320
\intx	U+2A18
\invamp	U+214B
\invdiameter	U+2349
\inversebullet	U+25D8
\inversewhitecircle	U+25D9
\invlazys	U+223E
\invneg	U+2310
\invwhitelowerhalfcircle	U+25DB
\invwhiteupperhalfcircle	U+25DA
\iota	U+3B9
\isinE	U+22F9
\isindot	U+22F5
\isinobar	U+22F7
\isins	U+22F4
\isinvb	U+22F8
\jmath	U+237
\jupiter	U+2643
\kappa	U+3BA
\kernelcontraction	U+223B
\koppa	U+3DF
\lBrace	U+2983
\lambda	U+3BB
\lang	U+27EA
\langle	U+27E8
\langledot	U+2991
\laplac	U+29E0
\lat	U+2AAB
\late	U+2AAD
\lblkbrbrak	U+2997
\lblot	U+2989
\lbracelend	U+23A9
\lbracemid	U+23A8
\lbraceuend	U+23A7
\lbrack	U+5B
\lbrackextender	U+23A2
\lbracklend	U+23A3
\lbracklltick	U+298F
\lbrackubar	U+298B
\lbrackuend	U+23A1
\lbrackultick	U+298D
\lbrbrak	U+2772
\lceil	U+2308
\lcurvyangle	U+29FC
\ldots	U+2026
\leadsto	U+2933
\leftarrow	U+2190
\leftarrowapprox	U+2B4A
\leftarrowbackapprox	U+2B42
\leftarrowbsimilar	U+2B4B
\leftarrowless	U+2977
\leftarrowonoplus	U+2B32
\leftarrowplus	U+2946
\leftarrowshortrightarrow	U+2943
\leftarrowsimilar	U+2973
\leftarrowsubset	U+297A
\leftarrowtail	U+21A2
\leftarrowtriangle	U+21FD
\leftarrowx	U+2B3E
\leftbarharpoon	U+296A
\leftbkarrow	U+290C
\leftcurvedarrow	U+2B3F
\leftdbkarrow	U+290E
\leftdbltail	U+291B
\leftdotarrow	U+2B38
\leftdowncurvedarrow	U+2936
\leftharpoondown	U+21BD
\leftharpoonup	U+21BC
\leftleftarrows	U+21C7
\leftleftharpoons	U+2962
\leftmoon	U+263E
\leftouterjoin	U+27D5
\leftrightarrow	U+2194
\leftrightarrowcircle	U+2948
\leftrightarrows	U+21C6
\leftrightarrowtriangle	U+21FF
\leftrightharpoon	U+294A
\leftrightharpoondown	U+2950
\leftrightharpoons	U+21CB
\leftrightharpoonsdown	U+2967
\leftrightharpoonsup	U+2966
\leftrightharpoonup	U+294E
\leftrightsquigarrow	U+21AD
\leftslice	U+2AA6
\leftsquigarrow	U+21DC
\lefttail	U+2919
\leftthreearrows	U+2B31
\leftthreetimes	U+22CB
\leftupdownharpoon	U+2951
\leftwavearrow	U+219C
\leftwhitearrow	U+21E6
\leo	U+264C
\leq	U+2264
\leqq	U+2266
\leqqslant	U+2AF9
\leqslant	U+2A7D
\lescc	U+2AA8
\lesdot	U+2A7F
\lesdoto	U+2A81
\lesdotor	U+2A83
\lesges	U+2A93
\lessapprox	U+2A85
\lessdot	U+22D6
\lesseqgtr	U+22DA
\lesseqqgtr	U+2A8B
\lessgtr	U+2276
\lesssim	U+2272
\lfbowtie	U+29D1
\lfloor	U+230A
\lftimes	U+29D4
\lgE	U+2A91
\lgblkcircle	U+2B24
\lgroup	U+27EE
\lgwhtcircle	U+25EF
\lhd	U+25C1
\libra	U+264E
\lightning	U+21AF
\limg	U+2987
\linefeed	U+21B4
\ll	U+226A
\llarc	U+25DF
\llblacktriangle	U+25E3
\llbracket	U+27E6
\llcorner	U+231E
\llcurly	U+2ABB
\lll	U+22D8
\lllnest	U+2AF7
\lltriangle	U+25FA
\lmoustache	U+23B0
\lnapprox	U+2A89
\lneq	U+2A87
\lneqq	U+2268
\lnsim	U+22E6
\longdashv	U+27DE
\longdivision	U+27CC
\longleftarrow	U+27F5
\longleftrightarrow	U+27F7
\longleftsquigarrow	U+2B33
\longmapsfrom	U+27FB
\longmapsto	U+27FC
\longrightarrow	U+27F6
\longrightsquigarrow	U+27FF
\looparrowleft	U+21AB
\looparrowright	U+21AC
\lowint	U+2A1C
\lozenge	U+25CA
\lozengeminus	U+27E0
\lparenextender	U+239C
\lparenlend	U+239D
\lparenless	U+2993
\lparenuend	U+239B
\lrarc	U+25DE
\lrblacktriangle	U+25E2
\lrcorner	U+231F
\lrtriangle	U+25FF
\lrtriangleeq	U+29E1
\lsime	U+2A8D
\lsimg	U+2A8F
\lsqhook	U+2ACD
\ltcir	U+2A79
\ltimes	U+22C9
\ltlarr	U+2976
\ltquest	U+2A7B
\lvboxline	U+23B8
\lvec	U+20D0
\lvzigzag	U+29D8
\male	U+2642
\maltese	U+2720
\mapsfrom	U+21A4
\mapsto	U+21A6
\mathbb{0}	U+1D7D8
\mathbb{1}	U+1D7D9
\mathbb{2}	U+1D7DA
\mathbb{3}	U+1D7DB
\mathbb{4}	U+1D7DC
\mathbb{5}	U+1D7DD
\mathbb{6}	U+1D7DE
\mathbb{7}	U+1D7DF
\mathbb{8}	U+1D7E0
\mathbb{9}	U+1D7E1
\mathbb{A}	U+1D538
\mathbb{B}	U+1D539
\mathbb{C}	U+2102
\mathbb{D}	U+1D53B
\mathbb{E}	U+1D53C
\mathbb{F}	U+1D53D
\mathbb{G}	U+1D53E
\mathbb{H}	U+210D
\mathbb{I}	U+1D540
\mathbb{J}	U+1D541
\mathbb{K}	U+1D542
\mathbb{L}	U+1D543
\mathbb{M}	U+1D544
\mathbb{N}	U+2115
\mathbb{O}	U+1D546
\mathbb{P}	U+2119
\mathbb{Q}	U+211A
\mathbb{R}	U+211D
\mathbb{S}	U+1D54A
\mathbb{T}	U+1D54B
\mathbb{U}	U+1D54C
\mathbb{V}	U+1D54D
\mathbb{W}	U+1D54E
\mathbb{X}	U+1D54F
\mathbb{Y}	U+1D550
\mathbb{Z}	U+2124
\mathbb{\Gamma}	U+213E
\mathbb{\Pi}	U+213F
\mathbb{\Sigma}	U+2140
\mathbb{\gamma}	U+213D
\mathbb{\pi}	U+213C
\mathbb{a}	U+1D552
\mathbb{b}	U+1D553
\mathbb{c}	U+1D554
\mathbb{d}	U+1D555
\mathbb{e}	U+1D556
\mathbb{f}	U+1D557
\mathbb{g}	U+1D558
\mathbb{h}	U+1D559
\mathbb{i}	U+1D55A
\mathbb{j}	U+1D55B
\mathbb{k}	U+1D55C
\mathbb{l}	U+1D55D
\mathbb{m}	U+1D55E
\mathbb{n}	U+1D55F
\mathbb{o}	U+1D560
\mathbb{p}	U+1D561
\mathbb{q}	U+1D562
\mathbb{r}	U+1D563
\mathbb{s}	U+1D564
\mathbb{t}	U+1D565
\mathbb{u}	U+1D566
\mathbb{v}	U+1D567
\mathbb{w}	U+1D568
\mathbb{x}	U+1D569
\mathbb{y}	U+1D56A
\mathbb{z}	U+1D56B
\mathbfit{A}	U+1D468
\mathbfit{B}	U+1D469
\mathbfit{C}	U+1D46A
\mathbfit{D}	U+1D46B
\mathbfit{E}	U+1D46C
\mathbfit{F}	U+1D46D
\mathbfit{G}	U+1D46E
\mathbfit{H}	U+1D46F
\mathbfit{I}	U+1D470
\mathbfit{J}	U+1D471
\mathbfit{K}	U+1D472
\mathbfit{L}	U+1D473
\mathbfit{M}	U+1D474
\mathbfit{N}	U+1D475
\mathbfit{O}	U+1D476
\mathbfit{P}	U+1D477
\mathbfit{Q}	U+1D478
\mathbfit{R}	U+1D479
\mathbfit{S}	U+1D47A
\mathbfit{T}	U+1D47B
\mathbfit{U}	U+1D47C
\mathbfit{V}	U+1D47D
\mathbfit{W}	U+1D47E
\mathbfit{X}	U+1D47F
\mathbfit{Y}	U+1D480
\mathbfit{Z}	U+1D481
\mathbfit{\Delta}	U+1D71F
\mathbfit{\Gamma}	U+1D71E
\mathbfit{\Lambda}	U+1D726
\mathbfit{\Omega}	U+1D734
\mathbfit{\Phi}	U+1D731
\mathbfit{\Pi}	U+1D72B
\mathbfit{\Psi}	U+1D733
\mathbfit{\Sigma}	U+1D72E
\mathbfit{\Theta}	U+1D723
\mathbfit{\Upsilon}	U+1D730
\mathbfit{\Xi}	U+1D729
\mathbfit{\alpha}	U+1D736
\mathbfit{\beta}	U+1D737
\mathbfit{\chi}	U+1D74C
\mathbfit{\delta}	U+1D739
\mathbfit{\epsilon}	U+1D750
\mathbfit{\eta}	U+1D73C
\mathbfit{\gamma}	U+1D738
\mathbfit{\iota}	U+1D73E
\mathbfit{\kappa}	U+1D73F
\mathbfit{\lambda}	U+1D740
\mathbfit{\mu}	U+1D741
\mathbfit{\nu}	U+1D742
\mathbfit{\omega}	U+1D74E
\mathbfit{\phi}	U+1D753
\mathbfit{\pi}	U+1D745
\mathbfit{\psi}	U+1D74D
\mathbfit{\rho}	U+1D746
\mathbfit{\sigma}	U+1D748
\mathbfit{\tau}	U+1D749
\mathbfit{\theta}	U+1D73D
\mathbfit{\upsilon}	U+1D74A
\mathbfit{\varepsilon}	U+1D73A
\mathbfit{\varphi}	U+1D74B
\mathbfit{\varpi}	U+1D755
\mathbfit{\varrho}	U+1D754
\mathbfit{\varsigma}	U+1D747
\mathbfit{\vartheta}	U+1D751
\mathbfit{\xi}	U+1D743
\mathbfit{\zeta}	U+1D73B
\mathbfit{a}	U+1D482
\mathbfit{b}	U+1D483
\mathbfit{c}	U+1D484
\mathbfit{d}	U+1D485
\mathbfit{e}	U+1D486
\mathbfit{f}	U+1D487
\mathbfit{g}	U+1D488
\mathbfit{h}	U+1D489
\mathbfit{i}	U+1D48A
\mathbfit{j}	U+1D48B
\mathbfit{k}	U+1D48C
\mathbfit{l}	U+1D48D
\mathbfit{m}	U+1D48E
\mathbfit{n}	U+1D48F
\mathbfit{o}	U+1D490
\mathbfit{p}	U+1D491
\mathbfit{q}	U+1D492
\mathbfit{r}	U+1D493
\mathbfit{s}	U+1D494
\mathbfit{t}	U+1D495
\mathbfit{u}	U+1D496
\mathbfit{v}	U+1D497
\mathbfit{w}	U+1D498
\mathbfit{x}	U+1D499
\mathbfit{y}	U+1D49A
\mathbfit{z}	U+1D49B
\mathbf{0}	U+1D7CE
\mathbf{1}	U+1D7CF
\mathbf{2}	U+1D7D0
\mathbf{3}	U+1D7D1
\mathbf{4}	U+1D7D2
\mathbf{5}	U+1D7D3
\mathbf{6}	U+1D7D4
\mathbf{7}	U+1D7D5
\mathbf{8}	U+1D7D6
\mathbf{9}	U+1D7D7
\mathbf{A}	U+1D400
\mathbf{B}	U+1D401
\mathbf{C}	U+1D402
\mathbf{D}	U+1D403
\mathbf{E}	U+1D404
\mathbf{F}	U+1D405
\mathbf{G}	U+1D406
\mathbf{H}	U+1D407
\mathbf{I}	U+1D408
\mathbf{J}	U+1D409
\mathbf{K}	U+1D40A
\mathbf{L}	U+1D40B
\mathbf{M}	U+1D40C
\mathbf{N}	U+1D40D
\mathbf{O}	U+1D40E
\mathbf{P}	U+1D40F
\mathbf{Q}	U+1D410
\mathbf{R}	U+1D411
\mathbf{S}	U+1D412
\mathbf{T}	U+1D413
\mathbf{U}	U+1D414
\mathbf{V}	U+1D415
\mathbf{W}	U+1D416
\mathbf{X}	U+1D417
\mathbf{Y}	U+1D418
\mathbf{Z}	U+1D419
\mathbf{\Delta}	U+1D6AB
\mathbf{\Gamma}	U+1D6AA
\mathbf{\Lambda}	U+1D6B2
\mathbf{\Omega}	U+1D6C0
\mathbf{\Phi}	U+1D6BD
\mathbf{\Pi}	U+1D6B7
\mathbf{\Psi}	U+1D6BF
\mathbf{\Sigma}	U+1D6BA
\mathbf{\Theta}	U+1D6AF
\mathbf{\Upsilon}	U+1D6BC
\mathbf{\Xi}	U+1D6B5
\mathbf{\alpha}	U+1D6C2
\mathbf{\beta}	U+1D6C3
\mathbf{\chi}	U+1D6D8
\mathbf{\delta}	U+1D6C5
\mathbf{\epsilon}	U+1D6DC
\mathbf{\eta}	U+1D6C8
\mathbf{\gamma}	U+1D6C4
\mathbf{\iota}	U+1D6CA
\mathbf{\kappa}	U+1D6CB
\mathbf{\lambda}	U+1D6CC
\mathbf{\mu}	U+1D6CD
\mathbf{\nu}	U+1D6CE
\mathbf{\omega}	U+1D6DA
\mathbf{\phi}	U+1D6DF
\mathbf{\pi}	U+1D6D1
\mathbf{\psi}	U+1D6D9
\mathbf{\rho}	U+1D6D2
\mathbf{\sigma}	U+1D6D4
\mathbf{\tau}	U+1D6D5
\mathbf{\theta}	U+1D6C9
\mathbf{\upsilon}	U+1D6D6
\mathbf{\varepsilon}	U+1D6C6
\mathbf{\varphi}	U+1D6D7
\mathbf{\varpi}	U+1D6E1
\mathbf{\varrho}	U+1D6E0
\mathbf{\varsigma}	U+1D6D3
\mathbf{\vartheta}	U+1D6DD
\mathbf{\xi}	U+1D6CF
\mathbf{\zeta}	U+1D6C7
\mathbf{a}	U+1D41A
\mathbf{b}	U+1D41B
\mathbf{c}	U+1D41C
\mathbf{d}	U+1D41D
\mathbf{e}	U+1D41E
\mathbf{f}	U+1D41F
\mathbf{g}	U+1D420
\mathbf{h}	U+1D421
\mathbf{i}	U+1D422
\mathbf{j}	U+1D423
\mathbf{k}	U+1D424
\mathbf{l}	U+1D425
\mathbf{m}	U+1D426
\mathbf{n}	U+1D427
\mathbf{o}	U+1D428
\mathbf{p}	U+1D429
\mathbf{q}	U+1D42A
\mathbf{r}	U+1D42B
\mathbf{s}	U+1D42C
\mathbf{t}	U+1D42D
\mathbf{u}	U+1D42E
\mathbf{v}	U+1D42F
\mathbf{w}	U+1D430
\mathbf{x}	U+1D431
\mathbf{y}	U+1D432
\mathbf{z}	U+1D433
\mathcal{A}	U+1D4D0
\mathcal{B}	U+1D4D1
\mathcal{C}	U+1D4D2
\mathcal{D}	U+1D4D3
\mathcal{E}	U+1D4D4
\mathcal{F}	U+1D4D5
\mathcal{G}	U+1D4D6
\mathcal{H}	U+1D4D7
\mathcal{I}	U+1D4D8
\mathcal{J}	U+1D4D9
\mathcal{K}	U+1D4DA
\mathcal{L}	U+1D4DB
\mathcal{M}	U+1D4DC
\mathcal{N}	U+1D4DD
\mathcal{O}	U+1D4DE
\mathcal{P}	U+1D4DF
\mathcal{Q}	U+1D4E0
\mathcal{R}	U+1D4E1
\mathcal{S}	U+1D4E2
\mathcal{T}	U+1D4E3
\mathcal{U}	U+1D4E4
\mathcal{V}	U+1D4E5
\mathcal{W}	U+1D4E6
\mathcal{X}	U+1D4E7
\mathcal{Y}	U+1D4E8
\mathcal{Z}	U+1D4E9
\mathcal{a}	U+1D4EA
\mathcal{b}	U+1D4EB
\mathcal{c}	U+1D4EC
\mathcal{d}	U+1D4ED
\mathcal{e}	U+1D4EE
\mathcal{f}	U+1D4EF
\mathcal{g}	U+1D4F0
\mathcal{h}	U+1D4F1
\mathcal{i}	U+1D4F2
\mathcal{j}	U+1D4F3
\mathcal{k}	U+1D4F4
\mathcal{l}	U+1D4F5
\mathcal{m}	U+1D4F6
\mathcal{n}	U+1D4F7
\mathcal{o}	U+1D4F8
\mathcal{p}	U+1D4F9
\mathcal{q}	U+1D4FA
\mathcal{r}	U+1D4FB
\mathcal{s}	U+1D4FC
\mathcal{t}	U+1D4FD
\mathcal{u}	U+1D4FE
\mathcal{v}	U+1D4FF
\mathcal{w}	U+1D500
\mathcal{x}	U+1D501
\mathcal{y}	U+1D502
\mathcal{z}	U+1D503
\mathds{1}	U+1D7D9
\mathds{A}	U+1D538
\mathds{B}	U+1D539
\mathds{C}	U+2102
\mathds{D}	U+1D53B
\mathds{E}	U+1D53C
\mathds{F}	U+1D53D
\mathds{G}	U+1D53E
\mathds{H}	U+210D
\mathds{I}	U+1D540
\mathds{J}	U+1D541
\mathds{K}	U+1D542
\mathds{L}	U+1D543
\mathds{M}	U+1D544
\mathds{N}	U+2115
\mathds{O}	U+1D546
\mathds{P}	U+2119
\mathds{Q}	U+211A
\mathds{R}	U+211D
\mathds{S}	U+1D54A
\mathds{T}	U+1D54B
\mathds{U}	U+1D54C
\mathds{V}	U+1D54D
\mathds{W}	U+1D54E
\mathds{X}	U+1D54F
\mathds{Y}	U+1D550
\mathds{Z}	U+2124
\mathds{h}	U+1D559
\mathds{k}	U+1D55C
\mathfrak{A}	U+1D504
\mathfrak{B}	U+1D505
\mathfrak{C}	U+212D
\mathfrak{D}	U+1D507
\mathfrak{E}	U+1D508
\mathfrak{F}	U+1D509
\mathfrak{G}	U+1D50A
\mathfrak{H}	U+210C
\mathfrak{J}	U+1D50D
\mathfrak{K}	U+1D50E
\mathfrak{L}	U+1D50F
\mathfrak{M}	U+1D510
\mathfrak{N}	U+1D511
\mathfrak{O}	U+1D512
\mathfrak{P}	U+1D513
\mathfrak{Q}	U+1D514
\mathfrak{S}	U+1D516
\mathfrak{T}	U+1D517
\mathfrak{U}	U+1D518
\mathfrak{V}	U+1D519
\mathfrak{W}	U+1D51A
\mathfrak{X}	U+1D51B
\mathfrak{Y}	U+1D51C
\mathfrak{Z}	U+2128
\mathfrak{a}	U+1D51E
\mathfrak{b}	U+1D51F
\mathfrak{c}	U+1D520
\mathfrak{d}	U+1D521
\mathfrak{e}	U+1D522
\mathfrak{f}	U+1D523
\mathfrak{g}	U+1D524
\mathfrak{h}	U+1D525
\mathfrak{i}	U+1D526
\mathfrak{j}	U+1D527
\mathfrak{k}	U+1D528
\mathfrak{l}	U+1D529
\mathfrak{m}	U+1D52A
\mathfrak{n}	U+1D52B
\mathfrak{o}	U+1D52C
\mathfrak{p}	U+1D52D
\mathfrak{q}	U+1D52E
\mathfrak{r}	U+1D52F
\mathfrak{s}	U+1D530
\mathfrak{t}	U+1D531
\mathfrak{u}	U+1D532
\mathfrak{v}	U+1D533
\mathfrak{w}	U+1D534
\mathfrak{x}	U+1D535
\mathfrak{y}	U+1D536
\mathfrak{z}	U+1D537
\mathring	U+30A
\mathscr{A}	U+1D49C
\mathscr{B}	U+212C
\mathscr{C}	U+1D49E
\mathscr{D}	U+1D49F
\mathscr{E}	U+2130
\mathscr{F}	U+2131
\mathscr{G}	U+1D4A2
\mathscr{H}	U+210B
\mathscr{I}	U+2110
\mathscr{J}	U+1D4A5
\mathscr{K}	U+1D4A6
\mathscr{L}	U+2112
\mathscr{M}	U+2133
\mathscr{N}	U+1D4A9
\mathscr{O}	U+1D4AA
\mathscr{P}	U+1D4AB
\mathscr{Q}	U+1D4AC
\mathscr{R}	U+211B
\mathscr{S}	U+1D4AE
\mathscr{T}	U+1D4AF
\mathscr{U}	U+1D4B0
\mathscr{V}	U+1D4B1
\mathscr{W}	U+1D4B2
\mathscr{X}	U+1D4B3
\mathscr{Y}	U+1D4B4
\mathscr{Z}	U+1D4B5
\mathsfbfit{A}	U+1D63C
\mathsfbfit{B}	U+1D63D
\mathsfbfit{C}	U+1D63E
\mathsfbfit{D}	U+1D63F
\mathsfbfit{E}	U+1D640
\mathsfbfit{F}	U+1D641
\mathsfbfit{G}	U+1D642
\mathsfbfit{H}	U+1D643
\mathsfbfit{I}	U+1D644
\mathsfbfit{J}	U+1D645
\mathsfbfit{K}	U+1D646
\mathsfbfit{L}	U+1D647
\mathsfbfit{M}	U+1D648
\mathsfbfit{N}	U+1D649
\mathsfbfit{O}	U+1D64A
\mathsfbfit{P}	U+1D64B
\mathsfbfit{Q}	U+1D64C
\mathsfbfit{R}	U+1D64D
\mathsfbfit{S}	U+1D64E
\mathsfbfit{T}	U+1D64F
\mathsfbfit{U}	U+1D650
\mathsfbfit{V}	U+1D651
\mathsfbfit{W}	U+1D652
\mathsfbfit{X}	U+1D653
\mathsfbfit{Y}	U+1D654
\mathsfbfit{Z}	U+1D655
\mathsfbfit{\Delta}	U+1D793
\mathsfbfit{\Gamma}	U+1D792
\mathsfbfit{\Lambda}	U+1D79A
\mathsfbfit{\Omega}	U+1D7A8
\mathsfbfit{\Phi}	U+1D7A5
\mathsfbfit{\Pi}	U+1D79F
\mathsfbfit{\Psi}	U+1D7A7
\mathsfbfit{\Sigma}	U+1D7A2
\mathsfbfit{\Theta}	U+1D797
\mathsfbfit{\Upsilon}	U+1D7A4
\mathsfbfit{\Xi}	U+1D79D
\mathsfbfit{\alpha}	U+1D7AA
\mathsfbfit{\beta}	U+1D7AB
\mathsfbfit{\chi}	U+1D7C0
\mathsfbfit{\delta}	U+1D7AD
\mathsfbfit{\epsilon}	U+1D7C4
\mathsfbfit{\eta}	U+1D7B0
\mathsfbfit{\gamma}	U+1D7AC
\mathsfbfit{\iota}	U+1D7B2
\mathsfbfit{\kappa}	U+1D7B3
\mathsfbfit{\lambda}	U+1D7B4
\mathsfbfit{\mu}	U+1D7B5
\mathsfbfit{\nu}	U+1D7B6
\mathsfbfit{\omega}	U+1D7C2
\mathsfbfit{\phi}	U+1D7C7
\mathsfbfit{\pi}	U+1D7B9
\mathsfbfit{\psi}	U+1D7C1
\mathsfbfit{\rho}	U+1D7BA
\mathsfbfit{\sigma}	U+1D7BC
\mathsfbfit{\tau}	U+1D7BD
\mathsfbfit{\theta}	U+1D7B1
\mathsfbfit{\upsilon}	U+1D7BE
\mathsfbfit{\varepsilon}	U+1D7AE
\mathsfbfit{\varphi}	U+1D7BF
\mathsfbfit{\varpi}	U+1D7C9
\mathsfbfit{\varrho}	U+1D7C8
\mathsfbfit{\varsigma}	U+1D7BB
\mathsfbfit{\vartheta}	U+1D7C5
\mathsfbfit{\xi}	U+1D7B7
\mathsfbfit{\zeta}	U+1D7AF
\mathsfbfit{a}	U+1D656
\mathsfbfit{b}	U+1D657
\mathsfbfit{c}	U+1D658
\mathsfbfit{d}	U+1D659
\mathsfbfit{e}	U+1D65A
\mathsfbfit{f}	U+1D65B
\mathsfbfit{g}	U+1D65C
\mathsfbfit{h}	U+1D65D
\mathsfbfit{i}	U+1D65E
\mathsfbfit{j}	U+1D65F
\mathsfbfit{k}	U+1D660
\mathsfbfit{l}	U+1D661
\mathsfbfit{m}	U+1D662
\mathsfbfit{n}	U+1D663
\mathsfbfit{o}	U+1D664
\mathsfbfit{p}	U+1D665
\mathsfbfit{q}	U+1D666
\mathsfbfit{r}	U+1D667
\mathsfbfit{s}	U+1D668
\mathsfbfit{t}	U+1D669
\mathsfbfit{u}	U+1D66A
\mathsfbfit{v}	U+1D66B
\mathsfbfit{w}	U+1D66C
\mathsfbfit{x}	U+1D66D
\mathsfbfit{y}	U+1D66E
\mathsfbfit{z}	U+1D66F
\mathsfbf{0}	U+1D7EC
\mathsfbf{1}	U+1D7ED
\mathsfbf{2}	U+1D7EE
\mathsfbf{3}	U+1D7EF
\mathsfbf{4}	U+1D7F0
\mathsfbf{5}	U+1D7F1
\mathsfbf{6}	U+1D7F2
\mathsfbf{7}	U+1D7F3
\mathsfbf{8}	U+1D7F4
\mathsfbf{9}	U+1D7F5
\mathsfbf{A}	U+1D5D4
\mathsfbf{B}	U+1D5D5
\mathsfbf{C}	U+1D5D6
\mathsfbf{D}	U+1D5D7
\mathsfbf{E}	U+1D5D8
\mathsfbf{F}	U+1D5D9
\mathsfbf{G}	U+1D5DA
\mathsfbf{H}	U+1D5DB
\mathsfbf{I}	U+1D5DC
\mathsfbf{J}	U+1D5DD
\mathsfbf{K}	U+1D5DE
\mathsfbf{L}	U+1D5DF
\mathsfbf{M}	U+1D5E0
\mathsfbf{N}	U+1D5E1
\mathsfbf{O}	U+1D5E2
\mathsfbf{P}	U+1D5E3
\mathsfbf{Q}	U+1D5E4
\mathsfbf{R}	U+1D5E5
\mathsfbf{S}	U+1D5E6
\mathsfbf{T}	U+1D5E7
\mathsfbf{U}	U+1D5E8
\mathsfbf{V}	U+1D5E9
\mathsfbf{W}	U+1D5EA
\mathsfbf{X}	U+1D5EB
\mathsfbf{Y}	U+1D5EC
\mathsfbf{Z}	U+1D5ED
\mathsfbf{\Delta}	U+1D759
\mathsfbf{\Gamma}	U+1D758
\mathsfbf{\Lambda}	U+1D760
\mathsfbf{\Omega}	U+1D76E
\mathsfbf{\Phi}	U+1D76B
\mathsfbf{\Pi}	U+1D765
\mathsfbf{\Psi}	U+1D76D
\mathsfbf{\Sigma}	U+1D768
\mathsfbf{\Theta}	U+1D75D
\mathsfbf{\Upsilon}	U+1D76A
\mathsfbf{\Xi}	U+1D763
\mathsfbf{\alpha}	U+1D770
\mathsfbf{\beta}	U+1D771
\mathsfbf{\chi}	U+1D786
\mathsfbf{\delta}	U+1D773
\mathsfbf{\epsilon}	U+1D78A
\mathsfbf{\eta}	U+1D776
\mathsfbf{\gamma}	U+1D772
\mathsfbf{\iota}	U+1D778
\mathsfbf{\kappa}	U+1D779
\mathsfbf{\lambda}	U+1D77A
\mathsfbf{\mu}	U+1D77B
\mathsfbf{\nu}	U+1D77C
\mathsfbf{\omega}	U+1D788
\mathsfbf{\phi}	U+1D78D
\mathsfbf{\pi}	U+1D77F
\mathsfbf{\psi}	U+1D787
\mathsfbf{\rho}	U+1D780
\mathsfbf{\sigma}	U+1D782
\mathsfbf{\tau}	U+1D783
\mathsfbf{\theta}	U+1D777
\mathsfbf{\upsilon}	U+1D784
\mathsfbf{\varepsilon}	U+1D774
\mathsfbf{\varphi}	U+1D785
\mathsfbf{\varpi}	U+1D78F
\mathsfbf{\varrho}	U+1D78E
\mathsfbf{\varsigma}	U+1D781
\mathsfbf{\vartheta}	U+1D78B
\mathsfbf{\xi}	U+1D77D
\mathsfbf{\zeta}	U+1D775
\mathsfbf{a}	U+1D5EE
\mathsfbf{b}	U+1D5EF
\mathsfbf{c}	U+1D5F0
\mathsfbf{d}	U+1D5F1
\mathsfbf{e}	U+1D5F2
\mathsfbf{f}	U+1D5F3
\mathsfbf{g}	U+1D5F4
\mathsfbf{h}	U+1D5F5
\mathsfbf{i}	U+1D5F6
\mathsfbf{j}	U+1D5F7
\mathsfbf{k}	U+1D5F8
\mathsfbf{l}	U+1D5F9
\mathsfbf{m}	U+1D5FA
\mathsfbf{n}	U+1D5FB
\mathsfbf{o}	U+1D5FC
\mathsfbf{p}	U+1D5FD
\mathsfbf{q}	U+1D5FE
\mathsfbf{r}	U+1D5FF
\mathsfbf{s}	U+1D600
\mathsfbf{t}	U+1D601
\mathsfbf{u}	U+1D602
\mathsfbf{v}	U+1D603
\mathsfbf{w}	U+1D604
\mathsfbf{x}	U+1D605
\mathsfbf{y}	U+1D606
\mathsfbf{z}	U+1D607
\mathsfit{A}	U+1D608
\mathsfit{B}	U+1D609
\mathsfit{C}	U+1D60A
\mathsfit{D}	U+1D60B
\mathsfit{E}	U+1D60C
\mathsfit{F}	U+1D60D
\mathsfit{G}	U+1D60E
\mathsfit{H}	U+1D60F
\mathsfit{I}	U+1D610
\mathsfit{J}	U+1D611
\mathsfit{K}	U+1D612
\mathsfit{L}	U+1D613
\mathsfit{M}	U+1D614
\mathsfit{N}	U+1D615
\mathsfit{O}	U+1D616
\mathsfit{P}	U+1D617
\mathsfit{Q}	U+1D618
\mathsfit{R}	U+1D619
\mathsfit{S}	U+1D61A
\mathsfit{T}	U+1D61B
\mathsfit{U}	U+1D61C
\mathsfit{V}	U+1D61D
\mathsfit{W}	U+1D61E
\mathsfit{X}	U+1D61F
\mathsfit{Y}	U+1D620
\mathsfit{Z}	U+1D621
\mathsfit{a}	U+1D622
\mathsfit{b}	U+1D623
\mathsfit{c}	U+1D624
\mathsfit{d}	U+1D625
\mathsfit{e}	U+1D626
\mathsfit{f}	U+1D627
\mathsfit{g}	U+1D628
\mathsfit{h}	U+1D629
\mathsfit{i}	U+1D62A
\mathsfit{j}	U+1D62B
\mathsfit{k}	U+1D62C
\mathsfit{l}	U+1D62D
\mathsfit{m}	U+1D62E
\mathsfit{n}	U+1D62F
\mathsfit{o}	U+1D630
\mathsfit{p}	U+1D631
\mathsfit{q}	U+1D632
\mathsfit{r}	U+1D633
\mathsfit{s}	U+1D634
\mathsfit{t}	U+1D635
\mathsfit{u}	U+1D636
\mathsfit{v}	U+1D637
\mathsfit{w}	U+1D638
\mathsfit{x}	U+1D639
\mathsfit{y}	U+1D63A
\mathsfit{z}	U+1D63B
\mathsf{0}	U+1D7E2
\mathsf{1}	U+1D7E3
\mathsf{2}	U+1D7E4
\mathsf{3}	U+1D7E5
\mathsf{4}	U+1D7E6
\mathsf{5}	U+1D7E7
\mathsf{6}	U+1D7E8
\mathsf{7}	U+1D7E9
\mathsf{8}	U+1D7EA
\mathsf{9}	U+1D7EB
\mathsf{A}	U+1D5A0
\mathsf{B}	U+1D5A1
\mathsf{C}	U+1D5A2
\mathsf{D}	U+1D5A3
\mathsf{E}	U+1D5A4
\mathsf{F}	U+1D5A5
\mathsf{G}	U+1D5A6
\mathsf{H}	U+1D5A7
\mathsf{I}	U+1D5A8
\mathsf{J}	U+1D5A9
\mathsf{K}	U+1D5AA
\mathsf{L}	U+1D5AB
\mathsf{M}	U+1D5AC
\mathsf{N}	U+1D5AD
\mathsf{O}	U+1D5AE
\mathsf{P}	U+1D5AF
\mathsf{Q}	U+1D5B0
\mathsf{R}	U+1D5B1
\mathsf{S}	U+1D5B2
\mathsf{T}	U+1D5B3
\mathsf{U}	U+1D5B4
\mathsf{V}	U+1D5B5
\mathsf{W}	U+1D5B6
\mathsf{X}	U+1D5B7
\mathsf{Y}	U+1D5B8
\mathsf{Z}	U+1D5B9
\mathsf{a}	U+1D5BA
\mathsf{b}	U+1D5BB
\mathsf{c}	U+1D5BC
\mathsf{d}	U+1D5BD
\mathsf{e}	U+1D5BE
\mathsf{f}	U+1D5BF
\mathsf{g}	U+1D5C0
\mathsf{h}	U+1D5C1
\mathsf{i}	U+1D5C2
\mathsf{j}	U+1D5C3
\mathsf{k}	U+1D5C4
\mathsf{l}	U+1D5C5
\mathsf{m}	U+1D5C6
\mathsf{n}	U+1D5C7
\mathsf{o}	U+1D5C8
\mathsf{p}	U+1D5C9
\mathsf{q}	U+1D5CA
\mathsf{r}	U+1D5CB
\mathsf{s}	U+1D5CC
\mathsf{t}	U+1D5CD
\mathsf{u}	U+1D5CE
\mathsf{v}	U+1D5CF
\mathsf{w}	U+1D5D0
\mathsf{x}	U+1D5D1
\mathsf{y}	U+1D5D2
\mathsf{z}	U+1D5D3
\mathtt{0}	U+1D7F6
\mathtt{1}	U+1D7F7
\mathtt{2}	U+1D7F8
\mathtt{3}	U+1D7F9
\mathtt{4}	U+1D7FA
\mathtt{5}	U+1D7FB
\mathtt{6}	U+1D7FC
\mathtt{7}	U+1D7FD
\mathtt{8}	U+1D7FE
\mathtt{9}	U+1D7FF
\mathtt{A}	U+1D670
\mathtt{B}	U+1D671
\mathtt{C}	U+1D672
\mathtt{D}	U+1D673
\mathtt{E}	U+1D674
\mathtt{F}	U+1D675
\mathtt{G}	U+1D676
\mathtt{H}	U+1D677
\mathtt{I}	U+1D678
\mathtt{J}	U+1D679
\mathtt{K}	U+1D67A
\mathtt{L}	U+1D67B
\mathtt{M}	U+1D67C
\mathtt{N}	U+1D67D
\mathtt{O}	U+1D67E
\mathtt{P}	U+1D67F
\mathtt{Q}	U+1D680
\mathtt{R}	U+1D681
\mathtt{S}	U+1D682
\mathtt{T}	U+1D683
\mathtt{U}	U+1D684
\mathtt{V}	U+1D685
\mathtt{W}	U+1D686
\mathtt{X}	U+1D687
\mathtt{Y}	U+1D688
\mathtt{Z}	U+1D689
\mathtt{a}	U+1D68A
\mathtt{b}	U+1D68B
\mathtt{c}	U+1D68C
\mathtt{d}	U+1D68D
\mathtt{e}	U+1D68E
\mathtt{f}	U+1D68F
\mathtt{g}	U+1D690
\mathtt{h}	U+1D691
\mathtt{i}	U+1D692
\mathtt{j}	U+1D693
\mathtt{k}	U+1D694
\mathtt{l}	U+1D695
\mathtt{m}	U+1D696
\mathtt{n}	U+1D697
\mathtt{o}	U+1D698
\mathtt{p}	U+1D699
\mathtt{q}	U+1D69A
\mathtt{r}	U+1D69B
\mathtt{s}	U+1D69C
\mathtt{t}	U+1D69D
\mathtt{u}	U+1D69E
\mathtt{v}	U+1D69F
\mathtt{w}	U+1D6A0
\mathtt{x}	U+1D6A1
\mathtt{y}	U+1D6A2
\mathtt{z}	U+1D6A3
\mbfAlpha	U+1D6A8
\mbfBeta	U+1D6A9
\mbfChi	U+1D6BE
\mbfDigamma	U+1D7CA
\mbfEpsilon	U+1D6AC
\mbfEta	U+1D6AE
\mbfIota	U+1D6B0
\mbfKappa	U+1D6B1
\mbfMu	U+1D6B3
\mbfNu	U+1D6B4
\mbfOmicron	U+1D6B6
\mbfRho	U+1D6B8
\mbfTau	U+1D6BB
\mbfZeta	U+1D6AD
\mbfdigamma	U+1D7CB
\mbffrakA	U+1D56C
\mbffrakB	U+1D56D
\mbffrakC	U+1D56E
\mbffrakD	U+1D56F
\mbffrakE	U+1D570
\mbffrakF	U+1D571
\mbffrakG	U+1D572
\mbffrakH	U+1D573
\mbffrakI	U+1D574
\mbffrakJ	U+1D575
\mbffrakK	U+1D576
\mbffrakL	U+1D577
\mbffrakM	U+1D578
\mbffrakN	U+1D579
\mbffrakO	U+1D57A
\mbffrakP	U+1D57B
\mbffrakQ	U+1D57C
\mbffrakR	U+1D57D
\mbffrakS	U+1D57E
\mbffrakT	U+1D57F
\mbffrakU	U+1D580
\mbffrakV	U+1D581
\mbffrakW	U+1D582
\mbffrakX	U+1D583
\mbffrakY	U+1D584
\mbffrakZ	U+1D585
\mbffraka	U+1D586
\mbffrakb	U+1D587
\mbffrakc	U+1D588
\mbffrakd	U+1D589
\mbffrake	U+1D58A
\mbffrakf	U+1D58B
\mbffrakg	U+1D58C
\mbffrakh	U+1D58D
\mbffraki	U+1D58E
\mbffrakj	U+1D58F
\mbffrakk	U+1D590
\mbffrakl	U+1D591
\mbffrakm	U+1D592
\mbffrakn	U+1D593
\mbffrako	U+1D594
\mbffrakp	U+1D595
\mbffrakq	U+1D596
\mbffrakr	U+1D597
\mbffraks	U+1D598
\mbffrakt	U+1D599
\mbffraku	U+1D59A
\mbffrakv	U+1D59B
\mbffrakw	U+1D59C
\mbffrakx	U+1D59D
\mbffraky	U+1D59E
\mbffrakz	U+1D59F
\mbfitAlpha	U+1D71C
\mbfitBeta	U+1D71D
\mbfitChi	U+1D732
\mbfitEpsilon	U+1D720
\mbfitEta	U+1D722
\mbfitIota	U+1D724
\mbfitKappa	U+1D725
\mbfitMu	U+1D727
\mbfitNu	U+1D728
\mbfitOmicron	U+1D72A
\mbfitRho	U+1D72C
\mbfitTau	U+1D72F
\mbfitZeta	U+1D721
\mbfitnabla	U+1D735
\mbfitomicron	U+1D744
\mbfitpartial	U+1D74F
\mbfitsansAlpha	U+1D790
\mbfitsansBeta	U+1D791
\mbfitsansChi	U+1D7A6
\mbfitsansEpsilon	U+1D794
\mbfitsansEta	U+1D796
\mbfitsansIota	U+1D798
\mbfitsansKappa	U+1D799
\mbfitsansMu	U+1D79B
\mbfitsansNu	U+1D79C
\mbfitsansOmicron	U+1D79E
\mbfitsansRho	U+1D7A0
\mbfitsansTau	U+1D7A3
\mbfitsansZeta	U+1D795
\mbfitsansnabla	U+1D7A9
\mbfitsansomicron	U+1D7B8
\mbfitsanspartial	U+1D7C3
\mbfitsansvarTheta	U+1D7A1
\mbfitsansvarkappa	U+1D7C6
\mbfitvarTheta	U+1D72D
\mbfitvarkappa	U+1D752
\mbfnabla	U+1D6C1
\mbfomicron	U+1D6D0
\mbfpartial	U+1D6DB
\mbfsansAlpha	U+1D756
\mbfsansBeta	U+1D757
\mbfsansChi	U+1D76C
\mbfsansEpsilon	U+1D75A
\mbfsansEta	U+1D75C
\mbfsansIota	U+1D75E
\mbfsansKappa	U+1D75F
\mbfsansMu	U+1D761
\mbfsansNu	U+1D762
\mbfsansOmicron	U+1D764
\mbfsansRho	U+1D766
\mbfsansTau	U+1D769
\mbfsansZeta	U+1D75B
\mbfsansnabla	U+1D76F
\mbfsansomicron	U+1D77E
\mbfsanspartial	U+1D789
\mbfsansvarTheta	U+1D767
\mbfsansvarkappa	U+1D78C
\mbfscrA	U+1D4D0
\mbfscrB	U+1D4D1
\mbfscrC	U+1D4D2
\mbfscrD	U+1D4D3
\mbfscrE	U+1D4D4
\mbfscrF	U+1D4D5
\mbfscrG	U+1D4D6
\mbfscrH	U+1D4D7
\mbfscrI	U+1D4D8
\mbfscrJ	U+1D4D9
\mbfscrK	U+1D4DA
\mbfscrL	U+1D4DB
\mbfscrM	U+1D4DC
\mbfscrN	U+1D4DD
\mbfscrO	U+1D4DE
\mbfscrP	U+1D4DF
\mbfscrQ	U+1D4E0
\mbfscrR	U+1D4E1
\mbfscrS	U+1D4E2
\mbfscrT	U+1D4E3
\mbfscrU	U+1D4E4
\mbfscrV	U+1D4E5
\mbfscrW	U+1D4E6
\mbfscrX	U+1D4E7
\mbfscrY	U+1D4E8
\mbfscrZ	U+1D4E9
\mbfscra	U+1D4EA
\mbfscrb	U+1D4EB
\mbfscrc	U+1D4EC
\mbfscrd	U+1D4ED
\mbfscre	U+1D4EE
\mbfscrf	U+1D4EF
\mbfscrg	U+1D4F0
\mbfscrh	U+1D4F1
\mbfscri	U+1D4F2
\mbfscrj	U+1D4F3
\mbfscrk	U+1D4F4
\mbfscrl	U+1D4F5
\mbfscrm	U+1D4F6
\mbfscrn	U+1D4F7
\mbfscro	U+1D4F8
\mbfscrp	U+1D4F9
\mbfscrq	U+1D4FA
\mbfscrr	U+1D4FB
\mbfscrs	U+1D4FC
\mbfscrt	U+1D4FD
\mbfscru	U+1D4FE
\mbfscrv	U+1D4FF
\mbfscrw	U+1D500
\mbfscrx	U+1D501
\mbfscry	U+1D502
\mbfscrz	U+1D503
\mbfvarTheta	U+1D6B9
\mbfvarkappa	U+1D6DE
\mdblkdiamond	U+2B25
\mdblklozenge	U+2B27
\mdlgblksquare	U+25A0
\mdlgwhtsquare	U+25A1
\mdsmblksquare	U+25FE
\mdsmwhtcircle	U+26AC
\mdsmwhtsquare	U+25FD
\mdwhtdiamond	U+2B26
\mdwhtlozenge	U+2B28
\measangledltosw	U+29AF
\measangledrtose	U+29AE
\measangleldtosw	U+29AB
\measanglelutonw	U+29A9
\measanglerdtose	U+29AA
\measanglerutone	U+29A8
\measangleultonw	U+29AD
\measangleurtone	U+29AC
\measeq	U+225E
\measuredangle	U+2221
\measuredangleleft	U+299B
\measuredrightangle	U+22BE
\medblackstar	U+2B51
\medbullet	U+26AB
\medcirc	U+26AA
\medwhitestar	U+2B50
\mercury	U+263F
\mho	U+2127
\mid	U+2223
\midbarvee	U+2A5D
\midbarwedge	U+2A5C
\midcir	U+2AF0
\minusdot	U+2A2A
\minusfdots	U+2A2B
\minusrdots	U+2A2C
\mitAlpha	U+1D6E2
\mitBeta	U+1D6E3
\mitChi	U+1D6F8
\mitEpsilon	U+1D6E6
\mitEta	U+1D6E8
\mitIota	U+1D6EA
\mitKappa	U+1D6EB
\mitMu	U+1D6ED
\mitNu	U+1D6EE
\mitOmicron	U+1D6F0
\mitRho	U+1D6F2
\mitTau	U+1D6F5
\mitZeta	U+1D6E7
\mitnabla	U+1D6FB
\mitomicron	U+1D70A
\mitvarTheta	U+1D6F3
\mlcp	U+2ADB
\models	U+22A7
\modtwosum	U+2A0A
\mp	U+2213
\mu	U+3BC
\multimap	U+22B8
\multimapboth	U+29DF
\multimapdotbothA	U+22B6
\multimapdotbothB	U+22B7
\multimapinv	U+27DC
\nHdownarrow	U+21DF
\nHuparrow	U+21DE
\nLeftarrow	U+21CD
\nLeftrightarrow	U+21CE
\nRightarrow	U+21CF
\nVDash	U+22AF
\nVdash	U+22AE
\nVleftarrow	U+21FA
\nVleftarrowtail	U+2B3A
\nVleftrightarrow	U+21FC
\nVtwoheadleftarrow	U+2B35
\nVtwoheadleftarrowtail	U+2B3D
\nVtwoheadrightarrow	U+2901
\nVtwoheadrightarrowtail	U+2918
\nabla	U+2207
\napprox	U+2249
\natural	U+266E
\ncong	U+2247
\nearrow	U+2197
\neg	U+AC
\neovnwarrow	U+2931
\neovsearrow	U+292E
\neptune	U+2646
\neq	U+2260
\nequiv	U+2262
\neswarrow	U+2922
\neuter	U+26B2
\nexists	U+2204
\ngeq	U+2271
\ngtr	U+226F
\nhVvert	U+2AF5
\nhpar	U+2AF2
\ni	U+220B
\niobar	U+22FE
\nis	U+22FC
\nisd	U+22FA
\nleftarrow	U+219A
\nleftrightarrow	U+21AE
\nleq	U+2270
\nless	U+226E
\nlessgtr	U+2278
\nmid	U+2224
\nni	U+220C
\not	U+338
\not\equiv	U+2262
\notasymp	U+226D
\notbackslash	U+2340
\notin	U+2209
\notslash	U+233F
\nparallel	U+2226
\npolint	U+2A14
\nprec	U+2280
\npreceq	U+22E0
\nrightarrow	U+219B
\nsim	U+2241
\nsimeq	U+2244
\nsqsubseteq	U+22E2
\nsqsupseteq	U+22E3
\nsubset	U+2284
\nsubseteq	U+2288
\nsucc	U+2281
\nsucceq	U+22E1
\nsupset	U+2285
\nsupseteq	U+2289
\ntriangleleft	U+22EA
\ntrianglelefteq	U+22EC
\ntriangleright	U+22EB
\ntrianglerighteq	U+22ED
\nu	U+3BD
\nvDash	U+22AD
\nvLeftarrow	U+2902
\nvLeftrightarrow	U+2904
\nvRightarrow	U+2903
\nvdash	U+22AC
\nvinfty	U+29DE
\nvleftarrow	U+21F7
\nvleftarrowtail	U+2B39
\nvleftrightarrow	U+21F9
\nvtwoheadleftarrow	U+2B34
\nvtwoheadleftarrowtail	U+2B3C
\nvtwoheadrightarrowtail	U+2917
\nwarrow	U+2196
\nwovnearrow	U+2932
\nwsearrow	U+2921
\obar	U+233D
\obot	U+29BA
\obrbrak	U+23E0
\ocommatopright	U+315
\odiv	U+2A38
\odot	U+2299
\odotslashdot	U+29BC
\oiiint	U+2230
\oiint	U+222F
\oint	U+222E
\ointctrclockwise	U+2233
\olcross	U+29BB
\omega	U+3C9
\omicron	U+6F
\ominus	U+2296
\operp	U+29B9
\oplus	U+2295
\opluslhrim	U+2A2D
\oplusrhrim	U+2A2E
\oslash	U+2298
\otimes	U+2297
\otimeshat	U+2A36
\otimeslhrim	U+2A34
\otimesrhrim	U+2A35
\oturnedcomma	U+312
\overbrace	U+23DE
\overbracket	U+23B4
\overleftrightarrow	U+20E1
\overline	U+305
\overparen	U+23DC
\ovhook	U+309
\parallel	U+2225
\parallelogram	U+25B1
\parallelogramblack	U+25B0
\parr	U+214B
\parsim	U+2AF3
\partial	U+2202
\partialmeetcontraction	U+2AA3
\pencil	U+270E
\pentagon	U+2B20
\pentagonblack	U+2B1F
\perp	U+27C2
\perps	U+2AE1
\pfun	U+21F8
\phi	U+3D5
\pi	U+3C0
\pinj	U+2914
\pisces	U+2653
\pitchfork	U+22D4
\plusdot	U+2A25
\pluseqq	U+2A72
\plushat	U+2A23
\plussim	U+2A26
\plussubtwo	U+2A27
\plustrif	U+2A28
\pluto	U+2647
\pm	U+B1
\pointint	U+2A15
\pointright	U+261E
\postalmark	U+3012
\pounds	U+A3
\prec	U+227A
\precapprox	U+2AB7
\preccurlyeq	U+227C
\preceq	U+2AAF
\preceqq	U+2AB3
\precnapprox	U+2AB9
\precneq	U+2AB1
\precneqq	U+2AB5
\precnsim	U+22E8
\precsim	U+227E
\prime	U+2032
\prod	U+220F
\profline	U+2312
\profsurf	U+2313
\propto	U+221D
\prurel	U+22B0
\psi	U+3C8
\psur	U+2900
\pullback	U+27D3
\pushout	U+27D4
\qoppa	U+3D9
\quad	U+2001
\quarternote	U+2669
\questeq	U+225F
\rBrace	U+2984
\radiation	U+2622
\rang	U+27EB
\rangle	U+27E9
\rangledot	U+2992
\rangledownzigzagarrow	U+237C
\rblkbrbrak	U+2998
\rblot	U+298A
\rbracelend	U+23AD
\rbracemid	U+23AC
\rbraceuend	U+23AB
\rbrack	U+5D
\rbrackextender	U+23A5
\rbracklend	U+23A6
\rbracklrtick	U+298E
\rbrackubar	U+298C
\rbrackuend	U+23A4
\rbrackurtick	U+2990
\rbrbrak	U+2773
\rceil	U+2309
\rcurvyangle	U+29FD
\rdiagovfdiag	U+292B
\rdiagovsearrow	U+2930
\recycle	U+267B
\revangle	U+29A3
\revangleubar	U+29A5
\revemptyset	U+29B0
\revnmid	U+2AEE
\rfbowtie	U+29D2
\rfloor	U+230B
\rftimes	U+29D5
\rgroup	U+27EF
\rhd	U+25B7
\rho	U+3C1
\rightangle	U+221F
\rightanglemdot	U+299D
\rightanglesqr	U+299C
\rightarrow	U+2192
\rightarrowapprox	U+2975
\rightarrowbackapprox	U+2B48
\rightarrowbsimilar	U+2B4C
\rightarrowdiamond	U+291E
\rightarrowgtr	U+2B43
\rightarrowonoplus	U+27F4
\rightarrowplus	U+2945
\rightarrowshortleftarrow	U+2942
\rightarrowsimilar	U+2974
\rightarrowsupset	U+2B44
\rightarrowtail	U+21A3
\rightarrowtriangle	U+21FE
\rightarrowx	U+2947
\rightbarharpoon	U+296C
\rightbkarrow	U+290D
\rightdbltail	U+291C
\rightdotarrow	U+2911
\rightdowncurvedarrow	U+2937
\rightharpoondown	U+21C1
\rightharpoonup	U+21C0
\rightimply	U+2970
\rightleftarrows	U+21C4
\rightleftharpoon	U+294B
\rightleftharpoons	U+21CC
\rightleftharpoonsdown	U+2969
\rightleftharpoonsup	U+2968
\rightmoon	U+263D
\rightouterjoin	U+27D6
\rightpentagon	U+2B54
\rightpentagonblack	U+2B53
\rightrightarrows	U+21C9
\rightrightharpoons	U+2964
\rightslice	U+2AA7
\rightsquigarrow	U+21DD
\righttail	U+291A
\rightthreearrows	U+21F6
\rightthreetimes	U+22CC
\rightupdownharpoon	U+294F
\rightwavearrow	U+219D
\rightwhitearrow	U+21E8
\rimg	U+2988
\ringplus	U+2A22
\risingdotseq	U+2253
\rmoustache	U+23B1
\rparenextender	U+239F
\rparengtr	U+2994
\rparenlend	U+23A0
\rparenuend	U+239E
\rppolint	U+2A12
\rrbracket	U+27E7
\rsolbar	U+29F7
\rsqhook	U+2ACE
\rsub	U+2A65
\rtimes	U+22CA
\rtriltri	U+29CE
\ruledelayed	U+29F4
\rvboxline	U+23B9
\rvzigzag	U+29D9
\sagittarius	U+2650
\sampi	U+3E1
\sansLmirrored	U+2143
\sansLturned	U+2142
\saturn	U+2644
\scorpio	U+264F
\scpolint	U+2A13
\scurel	U+22B1
\searrow	U+2198
\second	U+2033
\seovnearrow	U+292D
\setminus	U+29F5
\sharp	U+266F
\shortdowntack	U+2ADF
\shortlefttack	U+2ADE
\shortrightarrowleftarrow	U+2944
\shortuptack	U+2AE0
\shuffle	U+29E2
\sigma	U+3C3
\sim	U+223C
\simeq	U+2243
\simgE	U+2AA0
\simgtr	U+2A9E
\similarleftarrow	U+2B49
\similarrightarrow	U+2972
\simlE	U+2A9F
\simless	U+2A9D
\simminussim	U+2A6C
\simneqq	U+2246
\simplus	U+2A24
\simrdots	U+2A6B
\sixteenthnote	U+266C
\skull	U+2620
\slash	U+2215
\smallin	U+220A
\smallni	U+220D
\smallsetminus	U+2216
\smalltriangledown	U+25BF
\smalltriangleleft	U+25C3
\smalltriangleright	U+25B9
\smalltriangleup	U+25B5
\smashtimes	U+2A33
\smblkdiamond	U+2B29
\smblklozenge	U+2B2A
\smblksquare	U+25AA
\smeparsl	U+29E4
\smile	U+2323
\smiley	U+263A
\smt	U+2AAA
\smte	U+2AAC
\smwhitestar	U+2B52
\smwhtcircle	U+25E6
\smwhtlozenge	U+2B2B
\smwhtsquare	U+25AB
\spadesuit	U+2660
\spddot	U+A8
\sphat	U+5E
\sphericalangle	U+2222
\sphericalangleup	U+29A1
\spot	U+2981
\sptilde	U+7E
\sqcap	U+2293
\sqcup	U+2294
\sqint	U+2A16
\sqrt	U+221A
\sqrt[3]	U+221B
\sqrt[4]	U+221C
\sqrtbottom	U+23B7
\sqsubset	U+228F
\sqsubseteq	U+2291
\sqsubsetneq	U+22E4
\sqsupset	U+2290
\sqsupseteq	U+2292
\sqsupsetneq	U+22E5
\square	U+25FB
\squarebotblack	U+2B13
\squarecrossfill	U+25A9
\squarehfill	U+25A4
\squarehvfill	U+25A6
\squareleftblack	U+25E7
\squarellblack	U+2B15
\squarellquad	U+25F1
\squarelrblack	U+25EA
\squarelrquad	U+25F2
\squareneswfill	U+25A8
\squarenwsefill	U+25A7
\squarerightblack	U+25E8
\squaretopblack	U+2B12
\squareulblack	U+25E9
\squareulquad	U+25F0
\squareurblack	U+2B14
\squareurquad	U+25F3
\squarevfill	U+25A5
\squoval	U+25A2
\sslash	U+2AFD
\star	U+22C6
\stareq	U+225B
\steaming	U+2615
\stigma	U+3DB
\strictfi	U+297C
\strictif	U+297D
\strns	U+23E4
\subedot	U+2AC3
\submult	U+2AC1
\subrarr	U+2979
\subset	U+2282
\subsetapprox	U+2AC9
\subsetcirc	U+27C3
\subsetdot	U+2ABD
\subseteq	U+2286
\subseteqq	U+2AC5
\subsetneq	U+228A
\subsetneqq	U+2ACB
\subsetplus	U+2ABF
\subsim	U+2AC7
\subsub	U+2AD5
\subsup	U+2AD3
\succ	U+227B
\succapprox	U+2AB8
\succcurlyeq	U+227D
\succeq	U+2AB0
\succeqq	U+2AB4
\succnapprox	U+2ABA
\succneq	U+2AB2
\succneqq	U+2AB6
\succnsim	U+22E9
\succsim	U+227F
\sum	U+2211
\sumbottom	U+23B3
\sumint	U+2A0B
\sumtop	U+23B2
\sun	U+263C
\supdsub	U+2AD8
\supedot	U+2AC4
\suphsol	U+27C9
\suphsub	U+2AD7
\suplarr	U+297B
\supmult	U+2AC2
\supset	U+2283
\supsetapprox	U+2ACA
\supsetcirc	U+27C4
\supsetdot	U+2ABE
\supseteq	U+2287
\supseteqq	U+2AC6
\supsetneq	U+228B
\supsetneqq	U+2ACC
\supsetplus	U+2AC0
\supsim	U+2AC8
\supsub	U+2AD4
\supsup	U+2AD6
\swarrow	U+2199
\swords	U+2694
\talloblong	U+2AFE
\tau	U+3C4
\taurus	U+2649
\tcohm	U+2126
\textquotedblleft	U+22
\therefore	U+2234
\thermod	U+29E7
\theta	U+3B8
\third	U+2034
\threedangle	U+27C0
\threedotcolon	U+2AF6
\threeunderdot	U+20E8
\tieinfty	U+29DD
\tilde	U+303
\times	U+D7
\timesbar	U+2A31
\tminus	U+29FF
\toea	U+2928
\tona	U+2927
\top	U+22A4
\topbot	U+2336
\topcir	U+2AF1
\topfork	U+2ADA
\topsemicircle	U+25E0
\tosa	U+2929
\towa	U+292A
\tplus	U+29FE
\trapezium	U+23E2
\trianglecdot	U+25EC
\triangleleftblack	U+25ED
\trianglelefteq	U+22B4
\triangleminus	U+2A3A
\triangleodot	U+29CA
\triangleplus	U+2A39
\triangleq	U+225C
\triangleright	U+25B7
\trianglerightblack	U+25EE
\trianglerighteq	U+22B5
\triangles	U+29CC
\triangleserifs	U+29CD
\triangletimes	U+2A3B
\triangleubar	U+29CB
\tripleplus	U+29FB
\trslash	U+2AFB
\turnangle	U+29A2
\turnediota	U+2129
\turnednot	U+2319
\twocaps	U+2A4B
\twocups	U+2A4A
\twoheaddownarrow	U+21A1
\twoheadleftarrow	U+219E
\twoheadleftarrowtail	U+2B3B
\twoheadleftdbkarrow	U+2B37
\twoheadmapsfrom	U+2B36
\twoheadmapsto	U+2905
\twoheadrightarrow	U+21A0
\twoheaduparrow	U+219F
\twoheaduparrowcircle	U+2949
\twolowline	U+2017
\twonotes	U+266B
\typecolon	U+2982
\ubrbrak	U+23E1
\ularc	U+25DC
\ulblacktriangle	U+25E4
\ulcorner	U+231C
\ultriangle	U+25F8
\uminus	U+2A41
\underbar	U+331
\underbrace	U+23DF
\underbracket	U+23B5
\underleftarrow	U+20EE
\underleftharpoondown	U+20ED
\underline	U+332
\underparen	U+23DD
\underrightarrow	U+20EF
\underrightharpoondown	U+20EC
\upAlpha	U+391
\upBeta	U+392
\upChi	U+3A7
\upEpsilon	U+395
\upEta	U+397
\upIota	U+399
\upKappa	U+39A
\upMu	U+39C
\upNu	U+39D
\upOmicron	U+39F
\upRho	U+3A1
\upTau	U+3A4
\upUpsilon	U+3D2
\upZeta	U+396
\uparrow	U+2191
\uparrowbarred	U+2909
\uparrowoncircle	U+29BD
\updasharrow	U+21E1
\updownarrow	U+2195
\updownarrowbar	U+21A8
\updownarrows	U+21C5
\updownharpoonleftright	U+294D
\updownharpoonrightleft	U+294C
\updownharpoons	U+296E
\upfishtail	U+297E
\upharpoonleft	U+21BF
\upharpoonright	U+21BE
\upin	U+27D2
\upint	U+2A1B
\uplus	U+228E
\upomicron	U+3BF
\uprightcurvearrow	U+2934
\upsilon	U+3C5
\upuparrows	U+21C8
\upupharpoons	U+2963
\upvarTheta	U+3F4
\upwhitearrow	U+21E7
\uranus	U+2645
\urarc	U+25DD
\urblacktriangle	U+25E5
\urcorner	U+231D
\urtriangle	U+25F9
\utilde	U+330
\vBar	U+2AE8
\vBarv	U+2AE9
\vDash	U+22A8
\vDdash	U+2AE2
\varVdash	U+2AE6
\varbarwedge	U+2305
\varbeta	U+3D0
\varcarriagereturn	U+23CE
\varclubsuit	U+2667
\vardiamondsuit	U+2666
\vardoublebarwedge	U+2306
\varepsilon	U+3B5
\varheartsuit	U+2665
\varhexagon	U+2B21
\varhexagonblack	U+2B22
\varhexagonlrbonds	U+232C
\varisins	U+22F3
\varkappa	U+3F0
\varlrtriangle	U+22BF
\varniobar	U+22FD
\varnis	U+22FB
\varnothing	U+2205
\varointclockwise	U+2232
\varphi	U+3C6
\varpi	U+3D6
\varprod	U+2A09
\varrho	U+3F1
\varsigma	U+3C2
\varspadesuit	U+2664
\varstar	U+2736
\vartheta	U+3D1
\vartriangleleft	U+22B2
\vartriangleright	U+22B3
\varveebar	U+2A61
\vbraceextender	U+23AA
\vdash	U+22A2
\vdots	U+22EE
\vec	U+20D1
\vectimes	U+2A2F
\vee	U+2228
\veebar	U+22BB
\veedot	U+27C7
\veedoublebar	U+2A63
\veeeq	U+225A
\veemidvert	U+2A5B
\veeodot	U+2A52
\veeonvee	U+2A56
\veeonwedge	U+2A59
\vertoverlay	U+20D2
\viewdata	U+2317
\virgo	U+264D
\vlongdash	U+27DD
\vrectangle	U+25AF
\vrectangleblack	U+25AE
\vysmblksquare	U+2B1D
\vysmwhtsquare	U+2B1E
\vzigzag	U+299A
\warning	U+26A0
\wasylozenge	U+2311
\wedge	U+2227
\wedgebar	U+2A5F
\wedgedot	U+27D1
\wedgedoublebar	U+2A60
\wedgemidvert	U+2A5A
\wedgeodot	U+2A51
\wedgeonwedge	U+2A55
\whitearrowupfrombar	U+21EA
\whiteinwhitetriangle	U+27C1
\whitepointerleft	U+25C5
\whitepointerright	U+25BB
\whitesquaretickleft	U+27E4
\whitesquaretickright	U+27E5
\whthorzoval	U+2B2D
\whtvertoval	U+2B2F
\wideangledown	U+29A6
\wideangleup	U+29A7
\widebridgeabove	U+20E9
\wp	U+2118
\wr	U+2240
\xi	U+3BE
\xsol	U+29F8
\yen	U+A5
\yinyang	U+262F
\zcmp	U+2A1F
\zeta	U+3B6
\zhide	U+29F9
\zpipe	U+2A20
\zproject	U+2A21
\{	U+7B
\|	U+2016
\}	U+7D
]	U+5D
`	U+60
a	U+61
b	U+62
c	U+63
d	U+64
e	U+65
f	U+66
g	U+67
h	U+68
i	U+69
j	U+6A
k	U+6B
l	U+6C
m	U+6D
n	U+6E
o	U+6F
p	U+70
q	U+71
r	U+72
s	U+73
t	U+74
u	U+75
v	U+76
w	U+77
x	U+78
y	U+79
z	U+7A
|	U+7C